"GroupID","GroupLevel","Numerator","Denominator","Metric","Score","Flag"
"Japan","Country",654,8537,0.0766077076256296,-1.3945960484815,-1
"US","Country",945,10636,0.0888491914253479,0.981327784246956,0
"UK","Country",712,8301,0.0857727984580171,0.303475932200167,0
