"GroupID","GroupLevel","Numerator","Denominator","Metric","Score","Flag"
"US","Country",806,10663,0.0755884835412173,-1.30082838516247,-1
"UK","Country",745,8458,0.0880822889572003,1.0747975282593,0
"Japan","Country",695,8246,0.0842832888673296,0.390711895907055,0
