"GroupID","GroupLevel","Numerator","Denominator","Metric","Score","Flag"
"UK","Country",673,7355,0.0915023793337865,1.48251684868819,0
"Japan","Country",760,9598,0.0791831631589915,-0.606284439717323,0
"US","Country",835,10561,0.0790644825300634,-0.659213904216455,0
