"GroupID","GroupLevel","Numerator","Denominator","Metric","Score","Flag"
"UK","Country",721,8175,0.0881957186544342,1.42698781680192,0
"US","Country",834,10285,0.0810889645114244,-0.442729987713425,0
"Japan","Country",732,9218,0.0794098502929052,-0.876182588664127,0
