"GroupID","GroupLevel","Numerator","Denominator","Metric","Score","Flag"
"UK","Country",719,38646,0.0186047715158102,-1.08220739468332,-1
"Japan","Country",726,32648,0.0222371967654987,1.34439214609669,0
"US","Country",847,42456,0.0199500659506312,-0.146413498033111,0
