"GroupID","GroupLevel","Numerator","Denominator","Metric","Score","Flag"
"US","Country",766,9668,0.0792304509722797,-1.19584374656828,-1
"UK","Country",791,9553,0.0828012142782372,1.25189734370815,0
"Japan","Country",681,8419,0.0808884665637249,-0.0520650997313001,0
