"GroupID","GroupLevel","Numerator","Denominator","Metric","Score","Flag"
"US","Country",759,9987,0.0759987984379694,-1.28717611977527,-1
"UK","Country",784,8787,0.0892227153749858,1.13156556349038,0
"Japan","Country",684,8114,0.0842987429134829,0.2504735758578,0
