"GroupID","GroupLevel","Numerator","Denominator","Metric","Score","Flag"
"US","Country",839,10579,0.0793080631439645,-1.00373833978299,-1
"UK","Country",768,8526,0.0900774102744546,1.38527364943859,0
"Japan","Country",681,8279,0.0822563111486895,-0.27115726326392,0
